{
  "SF": [
    -122.962371,
    37.247137,
    -121.575595,
    38.254528
  ],
  "LA": [
    -118.851042,
    33.399325,
    -117.507104,
    34.73767
  ],
  "VEGAS": [
    -115.68302,
    35.129747,
    -114.093334,
    36.814532
  ],
  "DALLAS": [
    -98.044304,
    32.136018,
    -95.892297,
    33.374041
  ],
  "NYC": [
    -75.239061,
    39.603959,
    -71.934996,
    42.05959
  ],
  "MIAMI": [
    -80.773252,
    25.422344,
    -80.037632,
    26.939847
  ]
}
